"id","name","accessLevel","permalink","createdAt","modifiedAt","_id","_sheetid","_email","favorite"
6791811613124484,""Week of" Appointment Summary","OWNER","https://app.smartsheet.com/sheets/52hGW93gVh9Qp8mVQppC7P34664gprX34M2FcMM1","2022-02-17T15:51:56Z","2023-02-22T18:06:05Z","s_6791811613124484","s_6791811613124484","lois.lane@acuworkflow.com","null"
6131243940112260,"Audience Framework","EDITOR_SHARE","https://app.smartsheet.com/sheets/7HRxJ4qGGjQ5rM6rRFrhg4W6GxRR9jv7rc5jpQv1","2021-06-03T05:20:39Z","2021-06-03T05:23:47Z","s_6131243940112260","s_6131243940112260","lois.lane@acuworkflow.com","null"
8383043753797508,"Campaign Budget","EDITOR_SHARE","https://app.smartsheet.com/sheets/c8hJ2h6xrRFHmw7PJX9Jg7cqJ9mh5cR67WHFQXg1","2021-06-03T05:20:40Z","2021-11-24T16:51:53Z","s_8383043753797508","s_8383043753797508","lois.lane@acuworkflow.com","null"
1064694359320452,"Campaign Metrics","EDITOR_SHARE","https://app.smartsheet.com/sheets/JcMGMhWFmpjHVwgjqgjhgfMFr9mVCxVVX93xFpP1","2021-06-03T05:20:40Z","2021-11-24T16:52:41Z","s_1064694359320452","s_1064694359320452","lois.lane@acuworkflow.com","null"
3879444126427012,"Campaign Plan","EDITOR_SHARE","https://app.smartsheet.com/sheets/h2hMQC9CrCRmV96V4m62H3p2gMvcwVr2R6jhW8c1","2021-06-03T05:20:40Z","2023-04-29T22:00:43Z","s_3879444126427012","s_3879444126427012","lois.lane@acuworkflow.com","null"
1627644312741764,"Campaign Risks and issues","EDITOR_SHARE","https://app.smartsheet.com/sheets/pgCPhXfjQfC5H3xf59WMxqPWWR6W7vwXcvRMh8q1","2021-06-03T05:20:39Z","2021-11-24T16:52:39Z","s_1627644312741764","s_1627644312741764","lois.lane@acuworkflow.com","null"
2531758911580036,"ck-csv-test-csv","EDITOR_SHARE","https://app.smartsheet.com/sheets/Qf9MpMwCGhWcc5XPf2fcP8hmG9PPjvjHWwxWGw51","2022-03-23T03:48:53Z","2022-03-23T03:48:53Z","s_2531758911580036","s_2531758911580036","lois.lane@acuworkflow.com","null"
3414111892596612,"D2 Available Time Slots","OWNER","https://app.smartsheet.com/sheets/688HcvrjQrJQ6w5FX9gMgvrH9hF5WmrwJgPW8HQ1","2022-02-17T15:51:56Z","2022-02-17T15:53:09Z","s_3414111892596612","s_3414111892596612","lois.lane@acuworkflow.com","null"
3064294054094724,"DEMO Campaign Plan TEST","EDITOR_SHARE","https://app.smartsheet.com/sheets/Fx34hc3MQf9rXW49GGPjXrcxh63mWPRvRwQwGFv1","2022-03-28T15:02:01Z","2023-04-29T22:00:59Z","s_3064294054094724","s_3064294054094724","lois.lane@acuworkflow.com","null"
3179892431972228,"inroads_sheet_100","OWNER","https://app.smartsheet.com/sheets/JvH4PJf9rvgF7p5CxJwxFCPwhFHMj877r9f4mVW1","2023-02-27T09:42:10Z","2023-02-27T09:55:53Z","s_3179892431972228","s_3179892431972228","lois.lane@acuworkflow.com","null"
5789298202044292,"inroads_sheet_1000","OWNER","https://app.smartsheet.com/sheets/pPhxgrQ8pm9W9wjC5JFh9QjGQCg9r8pMPCRwx821","2023-02-28T08:38:51Z","2023-02-28T11:58:53Z","s_5789298202044292","s_5789298202044292","lois.lane@acuworkflow.com","null"
7809901536798596,"inroads_sheet_250","OWNER","https://app.smartsheet.com/sheets/pJcqV9774g5g4mCJQPWCV2Wr59c7R58XcPvGHcW1","2023-02-27T10:33:15Z","2023-02-27T11:24:22Z","s_7809901536798596","s_7809901536798596","lois.lane@acuworkflow.com","null"
3052447867398020,"inroads_sheet_500","OWNER","https://app.smartsheet.com/sheets/hw2g8477GQxPMgWFf6mpJCXVVwPqH9x3WXwPCrQ1","2023-02-27T12:00:42Z","2023-02-27T12:19:38Z","s_3052447867398020","s_3052447867398020","lois.lane@acuworkflow.com","null"
2661202422720388,"Metrics","EDITOR_SHARE","https://app.smartsheet.com/sheets/CGMWrXQx2XCP76MW6Vq3XGPqfX87f5768FH7pCC1","2021-06-03T05:35:27Z","2023-07-20T22:29:54Z","s_2661202422720388","s_2661202422720388","lois.lane@acuworkflow.com","null"
4913002236405636,"New Product Approval & Roadmap","EDITOR_SHARE","https://app.smartsheet.com/sheets/5vHFrxhQ7fQR7JV38rR25Rwr9wqg3h862W8F3Jc1","2021-06-03T05:35:27Z","2023-07-20T22:29:33Z","s_4913002236405636","s_4913002236405636","lois.lane@acuworkflow.com","null"
7164802050090884,"Product Plan A","EDITOR_SHARE","https://app.smartsheet.com/sheets/hwHJ8M2cm66pFCrjhVvcggMv9MwhjfjmC7xgggr1","2021-06-03T05:35:28Z","2021-06-03T05:35:54Z","s_7164802050090884","s_7164802050090884","lois.lane@acuworkflow.com","null"
1535302515877764,"Product Plan B","EDITOR_SHARE","https://app.smartsheet.com/sheets/P4G3g66RCwR8RpmpM536WQC5MchVFVhxj7GjRPJ1","2021-06-03T05:35:29Z","2021-06-03T05:35:54Z","s_1535302515877764","s_1535302515877764","lois.lane@acuworkflow.com","null"
6038902143248260,"Product Plan C","EDITOR_SHARE","https://app.smartsheet.com/sheets/Mgx2CxVxQhF2gpX8RgVQH3q7mf3vGm33pvHPCg51","2021-06-03T05:35:29Z","2021-06-03T05:35:54Z","s_6038902143248260","s_6038902143248260","lois.lane@acuworkflow.com","null"
4011583090255748,"Sheet - Sales Pipeline","EDITOR_SHARE","https://app.smartsheet.com/sheets/9hc8M38725g8Q8QjJ3McRXq3JJPFR8XfgpvChQ91","2021-06-04T02:28:46Z","2023-03-03T04:06:23Z","s_4011583090255748","s_4011583090255748","lois.lane@acuworkflow.com","null"
8515182717626244,"Sheet - Sales Pipeline Metrics","EDITOR_SHARE","https://app.smartsheet.com/sheets/qmpG8h56XwQ6JprG54jV26xP6fcGcrjrVHmV8281","2021-06-04T02:28:46Z","2023-03-03T04:06:54Z","s_8515182717626244","s_8515182717626244","lois.lane@acuworkflow.com","null"
2288211985753988,"Symptoms Reported","OWNER","https://app.smartsheet.com/sheets/r6jWv6XqH76x92q2MXF53gxwf2FHMgPF6xV3fPC1","2022-02-17T15:51:55Z","2022-02-17T15:53:07Z","s_2288211985753988","s_2288211985753988","lois.lane@acuworkflow.com","null"
4540011799439236,"Time Slot Rank (Sorting)","OWNER","https://app.smartsheet.com/sheets/xvcCwf3FfGFqV59PCFhMqRqcp3JPQ6FFqWGj74V1","2022-02-17T15:51:54Z","2022-02-17T15:52:29Z","s_4540011799439236","s_4540011799439236","lois.lane@acuworkflow.com","null"
36412172068740,"Vaccination Appointment (Archive)","OWNER","https://app.smartsheet.com/sheets/J95H5fj5hPGm6JvhQqcp55XwMVhGPv5j7F7jm2f1","2022-02-17T15:51:54Z","2022-02-17T15:52:29Z","s_36412172068740","s_36412172068740","lois.lane@acuworkflow.com","null"
8938058310543236,"Vaccination Appointment Administration (D1)","OWNER","https://app.smartsheet.com/sheets/j3jQ9C7xWHw95cv4crW5ggvrQCh6JJ6vfWCh9JW1","2022-02-17T15:51:52Z","2023-02-22T18:06:04Z","s_8938058310543236","s_8938058310543236","lois.lane@acuworkflow.com","null"
4434458683172740,"Vaccination Appointment Request Intake (w Form)","OWNER","https://app.smartsheet.com/sheets/6wj7P7hjVC8GQ78fcprv5gQC8cmp8xpVwR8H48H1","2022-02-17T15:51:50Z","2022-02-17T15:52:29Z","s_4434458683172740","s_4434458683172740","lois.lane@acuworkflow.com","null"
5665911706281860,"Vaccine Phases","OWNER","https://app.smartsheet.com/sheets/WVvvRP7wJ2fpJmjQVmC26qfgx9HF86Wvh4Mj3QF1","2022-02-17T15:51:56Z","2022-02-17T15:52:29Z","s_5665911706281860","s_5665911706281860","lois.lane@acuworkflow.com","null"
8541547888856964,"zz2."Week of" Appointment Summary","OWNER","https://app.smartsheet.com/sheets/mxMRp6fXfh3M6qgGXMq7g5RJCwP6XcVr4hvMpcC1","2024-02-14T18:09:56Z","2024-02-14T18:09:56Z","s_8541547888856964","s_8541547888856964","lois.lane@acuworkflow.com","null"
322910820454276,"zz2."Week of" Appointment Summary","OWNER","https://app.smartsheet.com/sheets/wFR5m38v2vwPv2Fr2MGrMCXXX3gc6RXRr9fr4Qv1","2024-02-07T21:52:28Z","2024-02-07T21:52:28Z","s_322910820454276","s_322910820454276","lois.lane@acuworkflow.com","null"
5572352456740740,"zz2."Week of" Appointment Summary","OWNER","https://app.smartsheet.com/sheets/FhXQrfXHrW6h4VWXhcqwWfgQmgPjGCcCGj4FjvQ1","2024-02-03T01:42:59Z","2024-02-03T01:42:59Z","s_5572352456740740","s_5572352456740740","lois.lane@acuworkflow.com","null"
4736766502195076,"zz2."Week of" Appointment Summary","OWNER","https://app.smartsheet.com/sheets/52J3x7q72Hw2qrcmCj68C8c4ffgwJvhmWvH3Xpg1","2023-12-05T23:13:49Z","2023-12-05T23:13:49Z","s_4736766502195076","s_4736766502195076","lois.lane@acuworkflow.com","null"
5485244815724420,"zz2."Week of" Appointment Summary","OWNER","https://app.smartsheet.com/sheets/c8xVQFjMRgcHpPvJQcP5HhHxhgr9fX32V4WVgxc1","2023-11-24T19:47:56Z","2023-11-24T19:47:56Z","s_5485244815724420","s_5485244815724420","lois.lane@acuworkflow.com","null"
7582859648782212,"zz2.D2 Available Time Slots","OWNER","https://app.smartsheet.com/sheets/gfCJPJRcjWCgGHXwfv6CxCjjQrp5vq3RfCw8VQP1","2024-02-14T18:09:58Z","2024-02-14T18:09:58Z","s_7582859648782212","s_7582859648782212","lois.lane@acuworkflow.com","null"
7606794176122756,"zz2.D2 Available Time Slots","OWNER","https://app.smartsheet.com/sheets/mPmCQ3Q4CFxp2mH9CCJ7pMVCQPQXMfCpWfcGVXg1","2024-02-07T21:52:30Z","2024-02-07T21:52:30Z","s_7606794176122756","s_7606794176122756","lois.lane@acuworkflow.com","null"
3693027239350148,"zz2.D2 Available Time Slots","OWNER","https://app.smartsheet.com/sheets/Qf5vGgHHVMwCVqMh833xh2jr3m43mHMxVXgwC9C1","2024-02-03T01:43:01Z","2024-02-03T01:43:01Z","s_3693027239350148","s_3693027239350148","lois.lane@acuworkflow.com","null"
2930986157297540,"zz2.D2 Available Time Slots","OWNER","https://app.smartsheet.com/sheets/2MQG76gMgrvjJ3jrpq8MxGjM8v3P8gfJ8jp6gFQ1","2023-12-05T23:13:51Z","2023-12-05T23:13:51Z","s_2930986157297540","s_2930986157297540","lois.lane@acuworkflow.com","null"
7081170911055748,"zz2.D2 Available Time Slots","OWNER","https://app.smartsheet.com/sheets/Gxc7MFhvGPGvgfPjgrXrff9r3VqP22XQ4HpCqrP1","2023-11-24T19:47:58Z","2023-11-24T19:47:58Z","s_7081170911055748","s_7081170911055748","lois.lane@acuworkflow.com","null"
2700839042895748,"zz2.inroads_sheet_100","OWNER","https://app.smartsheet.com/sheets/4Q3QcQgX7qq43RHX5VJPPhXFV8Wmvx9jpCcpJ9W1","2024-02-14T18:09:59Z","2024-02-14T18:09:59Z","s_2700839042895748","s_2700839042895748","lois.lane@acuworkflow.com","null"
5393222792597380,"zz2.inroads_sheet_100","OWNER","https://app.smartsheet.com/sheets/fq7QVPrxHmMVPFW7ChwVXjXHXFpPcjRvFxJj9Wf1","2024-02-07T21:52:31Z","2024-02-07T21:52:31Z","s_5393222792597380","s_5393222792597380","lois.lane@acuworkflow.com","null"
2663162801246084,"zz2.inroads_sheet_100","OWNER","https://app.smartsheet.com/sheets/rfp78Gpg2Rfr3cGMcHmjJ4p3jc4FRxxghvjxH9r1","2024-02-03T01:43:03Z","2024-02-03T01:43:03Z","s_2663162801246084","s_2663162801246084","lois.lane@acuworkflow.com","null"
4917339812220804,"zz2.inroads_sheet_100","OWNER","https://app.smartsheet.com/sheets/HH8CPWGM9Wp7mJpxcrCx6MgvCp45xCc7rGcFwWx1","2023-12-05T23:13:52Z","2023-12-05T23:13:52Z","s_4917339812220804","s_4917339812220804","lois.lane@acuworkflow.com","null"
1852237206736772,"zz2.inroads_sheet_100","OWNER","https://app.smartsheet.com/sheets/JrwjG6Fqvf7rpcpc69CRPFqVcQCrc2f7X46hhJ21","2023-11-24T19:48:00Z","2023-11-24T19:48:00Z","s_1852237206736772","s_1852237206736772","lois.lane@acuworkflow.com","null"
1698453805551492,"zz2.inroads_sheet_1000","OWNER","https://app.smartsheet.com/sheets/GJPQR2J3xX8MQH6R84FQhWpf8WhW7C83pJq6xfv1","2024-02-14T18:10:04Z","2024-02-14T18:10:04Z","s_1698453805551492","s_1698453805551492","lois.lane@acuworkflow.com","null"
7044119100608388,"zz2.inroads_sheet_1000","OWNER","https://app.smartsheet.com/sheets/w9XpwCG825378cJHCPpC9GJxjRcxq25qhw9H7mh1","2024-02-07T21:52:36Z","2024-02-07T21:52:36Z","s_7044119100608388","s_7044119100608388","lois.lane@acuworkflow.com","null"
6100616254279556,"zz2.inroads_sheet_1000","OWNER","https://app.smartsheet.com/sheets/F33PhXR5HW9QjvmGGJ35MWCjPJ5v3qcM2h8hV441","2024-02-03T01:43:06Z","2024-02-03T01:43:06Z","s_6100616254279556","s_6100616254279556","lois.lane@acuworkflow.com","null"
2680228786687876,"zz2.inroads_sheet_1000","OWNER","https://app.smartsheet.com/sheets/c5q9j2QjHq7h4hr9M8vvVjwvgqvQpF9q8pJpH3G1","2023-12-05T23:13:57Z","2023-12-05T23:13:57Z","s_2680228786687876","s_2680228786687876","lois.lane@acuworkflow.com","null"
959536844197764,"zz2.inroads_sheet_1000","OWNER","https://app.smartsheet.com/sheets/6mq8Xrww5xhRvpgGjV4rFRVmjVJ3mff3JJx32941","2023-11-24T19:48:03Z","2023-11-24T19:48:03Z","s_959536844197764","s_959536844197764","lois.lane@acuworkflow.com","null"
8031477572784004,"zz2.inroads_sheet_250","OWNER","https://app.smartsheet.com/sheets/Q9jHfxp75cxq3mfXHhMJhvfrPjrxvMPr2mvVF4j1","2024-02-14T18:10:05Z","2024-02-14T18:10:05Z","s_8031477572784004","s_8031477572784004","lois.lane@acuworkflow.com","null"
1056826242060164,"zz2.inroads_sheet_250","OWNER","https://app.smartsheet.com/sheets/xm5QCHJpCR8c8MHVH4pMr7G4CXH4FgvwcVqCC2c1","2024-02-07T21:52:38Z","2024-02-07T21:52:38Z","s_1056826242060164","s_1056826242060164","lois.lane@acuworkflow.com","null"
4540598233026436,"zz2.inroads_sheet_250","OWNER","https://app.smartsheet.com/sheets/xgCWG5rjJww8MCm65H7pGxFp8JFv8gqMJ57hG251","2024-02-03T01:43:07Z","2024-02-03T01:43:07Z","s_4540598233026436","s_4540598233026436","lois.lane@acuworkflow.com","null"
4597708346052484,"zz2.inroads_sheet_250","OWNER","https://app.smartsheet.com/sheets/gG8Mx73wf5HxGHg5WJW3HGFRHR53RcfvGgMPVJp1","2023-12-05T23:13:59Z","2023-12-05T23:13:59Z","s_4597708346052484","s_4597708346052484","lois.lane@acuworkflow.com","null"
3233445002039172,"zz2.inroads_sheet_250","OWNER","https://app.smartsheet.com/sheets/w54M7q5hRXpm4qV82qJ3CG6J7jC6rf4jH82QcgM1","2023-11-24T19:48:05Z","2023-11-24T19:48:05Z","s_3233445002039172","s_3233445002039172","lois.lane@acuworkflow.com","null"
888603362152324,"zz2.inroads_sheet_500","OWNER","https://app.smartsheet.com/sheets/VWXvMGqmrgFw6h83m76RMHc3w6GJ7H7mVxx2g231","2024-02-14T18:10:08Z","2024-02-14T18:10:08Z","s_888603362152324","s_888603362152324","lois.lane@acuworkflow.com","null"
8782304176459652,"zz2.inroads_sheet_500","OWNER","https://app.smartsheet.com/sheets/cjQhm85WQhRxxGQp3mw7Fxc3rVPPPWpgFJf4v881","2024-02-07T21:52:40Z","2024-02-07T21:52:40Z","s_8782304176459652","s_8782304176459652","lois.lane@acuworkflow.com","null"
6789786706595716,"zz2.inroads_sheet_500","OWNER","https://app.smartsheet.com/sheets/98w3RrXCjj6fXM4JVjG2XXQ6fqf7fJ34cC8q62C1","2024-02-03T01:43:10Z","2024-02-03T01:43:10Z","s_6789786706595716","s_6789786706595716","lois.lane@acuworkflow.com","null"
4636912807530372,"zz2.inroads_sheet_500","OWNER","https://app.smartsheet.com/sheets/r8rcPfvcX5vpGQWh93fQFV8FCMQH5FJMJwqrpGv1","2023-12-05T23:14:00Z","2023-12-05T23:14:00Z","s_4636912807530372","s_4636912807530372","lois.lane@acuworkflow.com","null"
3233831012224900,"zz2.inroads_sheet_500","OWNER","https://app.smartsheet.com/sheets/CJCp5xf43cMXFQVwXxxJ654hX96j9VxV8WM59261","2023-11-24T19:48:07Z","2023-11-24T19:48:07Z","s_3233831012224900","s_3233831012224900","lois.lane@acuworkflow.com","null"
186616727424900,"zz2.Symptoms Reported","OWNER","https://app.smartsheet.com/sheets/HJxQrmm3R74v4hc3CRqM97v8vJhgC7c9Wr87xxm1","2024-02-14T18:10:10Z","2024-02-14T18:10:10Z","s_186616727424900","s_186616727424900","lois.lane@acuworkflow.com","null"
852356807741316,"zz2.Symptoms Reported","OWNER","https://app.smartsheet.com/sheets/V6v5Q3h67hjfFcrxr7g5qhff8qj54jfRqfF2F6P1","2024-02-07T21:52:42Z","2024-02-07T21:52:42Z","s_852356807741316","s_852356807741316","lois.lane@acuworkflow.com","null"
1756445812936580,"zz2.Symptoms Reported","OWNER","https://app.smartsheet.com/sheets/2J9jMfh963m2m7HFJx8C4g2ph6WmVhWrm5Fw3jJ1","2024-02-03T01:43:12Z","2024-02-03T01:43:12Z","s_1756445812936580","s_1756445812936580","lois.lane@acuworkflow.com","null"
7464564656394116,"zz2.Symptoms Reported","OWNER","https://app.smartsheet.com/sheets/H9JFj2jM4G5mpcVPM295mVXcXGf32qXfrWvcwpF1","2023-12-05T23:14:02Z","2023-12-05T23:14:02Z","s_7464564656394116","s_7464564656394116","lois.lane@acuworkflow.com","null"
2300483079196548,"zz2.Symptoms Reported","OWNER","https://app.smartsheet.com/sheets/mcjm6j86M39cvW9fxmPGr4RQ9fc5jWGq7F56p4j1","2023-11-24T19:48:09Z","2023-11-24T19:48:09Z","s_2300483079196548","s_2300483079196548","lois.lane@acuworkflow.com","null"
378773564247940,"zz2.Time Slot Rank (Sorting)","OWNER","https://app.smartsheet.com/sheets/g5hm3GrF4Gx3CwRM96Xx7CFrQhhppvPrQ5gXcFV1","2024-02-14T18:10:11Z","2024-02-14T18:10:11Z","s_378773564247940","s_378773564247940","lois.lane@acuworkflow.com","null"
3947653838622596,"zz2.Time Slot Rank (Sorting)","OWNER","https://app.smartsheet.com/sheets/q4Qcc8g2wwGWPqJx2V76pM5F6hm3wPF7PcxQ8R81","2024-02-07T21:52:42Z","2024-02-07T21:52:42Z","s_3947653838622596","s_3947653838622596","lois.lane@acuworkflow.com","null"
69414871322500,"zz2.Time Slot Rank (Sorting)","OWNER","https://app.smartsheet.com/sheets/mwPWj5QHwcJ8H6cWGWxX4HFHMVxpqmvR6f4v7mp1","2024-02-03T01:43:13Z","2024-02-03T01:43:13Z","s_69414871322500","s_69414871322500","lois.lane@acuworkflow.com","null"
6394791382175620,"zz2.Time Slot Rank (Sorting)","OWNER","https://app.smartsheet.com/sheets/fhq8Jv5hjJcHMGWWxJFWQHrCjHPCM9X4MqQm6w71","2023-12-05T23:14:03Z","2023-12-05T23:14:03Z","s_6394791382175620","s_6394791382175620","lois.lane@acuworkflow.com","null"
6355836834107268,"zz2.Time Slot Rank (Sorting)","OWNER","https://app.smartsheet.com/sheets/m4pJ2jX9MMRVv6wrwg95V6mvj65rJ7rp8G3v3cR1","2023-11-24T19:48:10Z","2023-11-24T19:48:10Z","s_6355836834107268","s_6355836834107268","lois.lane@acuworkflow.com","null"
7204438670266244,"zz2.Vaccination Appointment (Archive)","OWNER","https://app.smartsheet.com/sheets/R6pv3vmQxj4cJ8MqqVmRvGwrPQ9XQhxmQV8hGPv1","2024-02-14T18:10:13Z","2024-02-14T18:10:13Z","s_7204438670266244","s_7204438670266244","lois.lane@acuworkflow.com","null"
8403049974288260,"zz2.Vaccination Appointment (Archive)","OWNER","https://app.smartsheet.com/sheets/2jXMF5hH6m74hcq3x7f4pfPm4PHcq64WRqGVpxW1","2024-02-07T21:52:45Z","2024-02-07T21:52:45Z","s_8403049974288260","s_8403049974288260","lois.lane@acuworkflow.com","null"
6297652173950852,"zz2.Vaccination Appointment (Archive)","OWNER","https://app.smartsheet.com/sheets/2QXVpG59m3FjMvVHMFM34v7X5qVhhX6HH5fqJgW1","2024-02-03T01:43:15Z","2024-02-03T01:43:15Z","s_6297652173950852","s_6297652173950852","lois.lane@acuworkflow.com","null"
7872930146897796,"zz2.Vaccination Appointment (Archive)","OWNER","https://app.smartsheet.com/sheets/fVC5gwHrP8r5gWQGcG6M968F5Q85P8hfCj5WMxR1","2023-12-05T23:14:05Z","2023-12-05T23:14:05Z","s_7872930146897796","s_7872930146897796","lois.lane@acuworkflow.com","null"
3670107884572548,"zz2.Vaccination Appointment (Archive)","OWNER","https://app.smartsheet.com/sheets/c4mc5PJFQWwPg23QmQF9R58grCGc8mmPPj9Mmv81","2023-11-24T19:48:13Z","2023-11-24T19:48:13Z","s_3670107884572548","s_3670107884572548","lois.lane@acuworkflow.com","null"
1382619090472836,"zz2.Vaccination Appointment Administration (D1)","OWNER","https://app.smartsheet.com/sheets/qHcgFcxx5hM2RVmp8fgxj8jCg7X3wQh9WGJVgmP1","2024-02-14T18:10:14Z","2024-02-14T18:10:14Z","s_1382619090472836","s_1382619090472836","lois.lane@acuworkflow.com","null"
5918219193765764,"zz2.Vaccination Appointment Administration (D1)","OWNER","https://app.smartsheet.com/sheets/Wjgr5qcx8mgCr7J85cmpqGM5MfWcHCpC28gwgQh1","2024-02-07T21:52:46Z","2024-02-07T21:52:46Z","s_5918219193765764","s_5918219193765764","lois.lane@acuworkflow.com","null"
6209019081346948,"zz2.Vaccination Appointment Administration (D1)","OWNER","https://app.smartsheet.com/sheets/JJ9QGXgvg9Vv2G7wrgp8555R29cVRx8wmQX28VV1","2024-02-03T01:43:17Z","2024-02-03T01:43:17Z","s_6209019081346948","s_6209019081346948","lois.lane@acuworkflow.com","null"
4142991568490372,"zz2.Vaccination Appointment Administration (D1)","OWNER","https://app.smartsheet.com/sheets/46mWPcHhJFcmQQ83fwcWWPHwqPxPFjPjwjhqhW51","2023-12-05T23:14:07Z","2023-12-05T23:14:07Z","s_4142991568490372","s_4142991568490372","lois.lane@acuworkflow.com","null"
6215923979472772,"zz2.Vaccination Appointment Administration (D1)","OWNER","https://app.smartsheet.com/sheets/F5xgwRMmPHW3jjJmvV2v59C4m9X62wF45h34wHf1","2023-11-24T19:48:15Z","2023-11-24T19:48:15Z","s_6215923979472772","s_6215923979472772","lois.lane@acuworkflow.com","null"
783256404316036,"zz2.Vaccination Appointment Request Intake (w Form","OWNER","https://app.smartsheet.com/sheets/wrRmfWr68rW9gWR9J5VV85Q3Pr3qrh2gVWQxXMp1","2024-02-14T18:10:15Z","2024-02-14T18:10:15Z","s_783256404316036","s_783256404316036","lois.lane@acuworkflow.com","null"
1414653926133636,"zz2.Vaccination Appointment Request Intake (w Form","OWNER","https://app.smartsheet.com/sheets/PmXvvhw6m78m5gMvWHQJRQ7Q7JRccm9wRFJvPgP1","2024-02-07T21:52:48Z","2024-02-07T21:52:48Z","s_1414653926133636","s_1414653926133636","lois.lane@acuworkflow.com","null"
1485605175250820,"zz2.Vaccination Appointment Request Intake (w Form","OWNER","https://app.smartsheet.com/sheets/j2mMHPg576mwV2mrXh3wCjf8wC3q2Rr8vr9pj2m1","2024-02-03T01:43:18Z","2024-02-03T01:43:18Z","s_1485605175250820","s_1485605175250820","lois.lane@acuworkflow.com","null"
4878702286425988,"zz2.Vaccination Appointment Request Intake (w Form","OWNER","https://app.smartsheet.com/sheets/7MJq6C9hMfh2gg4pPjGcR35wMPWVJ9JHcQ75pgV1","2023-12-05T23:14:08Z","2023-12-05T23:14:08Z","s_4878702286425988","s_4878702286425988","lois.lane@acuworkflow.com","null"
3322642882842500,"zz2.Vaccination Appointment Request Intake (w Form","OWNER","https://app.smartsheet.com/sheets/5VJ4RR2M2V64MM5q2g7v3X8XFRPp8xxWjHQhcqv1","2023-11-24T19:48:16Z","2023-11-24T19:48:16Z","s_3322642882842500","s_3322642882842500","lois.lane@acuworkflow.com","null"
7292244981665668,"zz2.Vaccine Phases","OWNER","https://app.smartsheet.com/sheets/RJJ8pJpmV5m75wr9r8qhV86rgHj8Jpq73R9VwqQ1","2024-02-14T18:10:17Z","2024-02-14T18:10:17Z","s_7292244981665668","s_7292244981665668","lois.lane@acuworkflow.com","null"
3660475145342852,"zz2.Vaccine Phases","OWNER","https://app.smartsheet.com/sheets/jm98jq5j458hHvxQPWR2xcmw7CRvjqJ5HJGfgF91","2024-02-07T21:52:49Z","2024-02-07T21:52:49Z","s_3660475145342852","s_3660475145342852","lois.lane@acuworkflow.com","null"
7026299818168196,"zz2.Vaccine Phases","OWNER","https://app.smartsheet.com/sheets/J944P7j25gRhQV4cpHFM75c7RMWGHrghFrP2Qq71","2024-02-03T01:43:19Z","2024-02-03T01:43:19Z","s_7026299818168196","s_7026299818168196","lois.lane@acuworkflow.com","null"
6940647365758852,"zz2.Vaccine Phases","OWNER","https://app.smartsheet.com/sheets/gWppFCp7wxjvW5M5mx4Rj9c8RP2hVJRRCmFMh5c1","2023-12-05T23:14:09Z","2023-12-05T23:14:09Z","s_6940647365758852","s_6940647365758852","lois.lane@acuworkflow.com","null"
4378353897262980,"zz2.Vaccine Phases","OWNER","https://app.smartsheet.com/sheets/VH2gqFgvwcVr76pQ9V2vq2rMvFrPRCr5X5JGfwW1","2023-11-24T19:48:17Z","2023-11-24T19:48:17Z","s_4378353897262980","s_4378353897262980","lois.lane@acuworkflow.com","null"
